total_price,Centralized Inventory Management,Real-Time Stock Level Updates,Automated Purchase Request Approval,Notification and Alert System,Automated Reporting Module,User Role Management,Digital Record-Keeping,Web-Based Accessibility,Inventory Borrowing and Returning,Dashboard for Inventory Overview,Purchasing History Management,Data History Access,Manage Users & System,Inventory Data Management,Cashiering Management System,Scan and Pay QR Code,AI-Driven Payment Processing,Dynamic QR Code Generation,Fraud Detection,Transaction Logging,User Management,Reporting Features,Notification System,User-Friendly Interface,Data Security Measures,Real-Time Payment Processing,Automated Cash Flow Reports,Mobile Payment Integration,System Scalability,Multi-Language Support,Real-Time Stock Level Tracking,Automated Purchasing Module,Purchase Request Approval,Borrow and Return Management,Dashboard for Inventory and Purchasing,Data History Management,System User Management,Purchase History Management,User Profile Management,Data Security and Privacy,Real-Time IoT-Based Soil Data Collection,AI Model Training and Data Management,User-Feedback Mechanism,Dynamic Weather Data Integration,Fertilizer Recommendation Module,Soil Health Reports and Analytics Tools,Feedback Loop for Users,Comparison Matrix of Existing Systems,Schematic Diagram,Integration of Public Weather APIs,Validation with Multiple Soil Analysis Tools,Hardware Component Identification,Machine Learning Model Specification,Security and Data Privacy Measures,dashboard,data analytics,GPS tracking,SMS alerts,multimedia uploads,Parishioner Records Management,Event Scheduling,Online Appointment Booking,Automated Notifications,Demographic Analysis,Volunteer Participation Tracking,Resource Management,Data Security,User Authentication,Online Payment Processing,Mobile Access,Real-Time Dashboard,Reporting and Analytics,User Account Management,Automated Reporting,Real-Time Transaction Monitoring,Data Analytics,User Training and Support,AI-Driven Approach,Payment Processing,Real-time Notifications,User Interface Design,Automated Cash Application,Customer Feedback Mechanism,Integration with Existing Systems,Mobile Payment Options
12100,800.0,800.0,800.0,800.0,1700.0,800.0,800.0,800.0,800.0,800.0,800.0,800.0,800.0,800.0,,,,,,,,,,,,,,,,,,,,,,,,,,,,,,,,,,,,,,,,,,,,,,,,,,,,,,,,,,,,,,,,,,,,,,,
19600,,,,,,,,,,,,,,,800.0,800.0,2900.0,800.0,800.0,800.0,800.0,1700.0,800.0,800.0,1800.0,1700.0,800.0,2700.0,800.0,800.0,,,,,,,,,,,,,,,,,,,,,,,,,,,,,,,,,,,,,,,,,,,,,,,,,,,,,,,
13850,800.0,,,800.0,1700.0,800.0,800.0,800.0,,,,,,800.0,,,,,,,,,,,,,,,,,1750.0,800.0,800.0,800.0,800.0,800.0,800.0,800.0,,,,,,,,,,,,,,,,,,,,,,,,,,,,,,,,,,,,,,,,,,,,,,,
15600,,,,,,,,,,,,,,,,,,,,,,,,,,,,,,,,,,,,,,,800.0,1800.0,800.0,2000.0,800.0,1800.0,800.0,1800.0,800.0,800.0,800.0,1800.0,800.0,,,,,,,,,,,,,,,,,,,,,,,,,,,,,,,,,,
13800,,,,,,,,,,,,,,,,,,,,,,,,,,,,,,,,,,,,,,,800.0,1800.0,800.0,2000.0,800.0,1800.0,800.0,1800.0,,800.0,800.0,,,800.0,800.0,,,,,,,,,,,,,,,,,,,,,,,,,,,,,,,,
10600,,,,,,,,,,,,,,,,,,,,,,,,,,,,,,,,,,,,,,,800.0,,800.0,2000.0,800.0,1800.0,800.0,1800.0,,,,,,,,1800.0,,,,,,,,,,,,,,,,,,,,,,,,,,,,,,,
5950,,,,,,,,,,,,,,,,,,,,,,,,,,,,,,,,,,,,,,,,,,,,,,,,,,,,,,,800.0,1800.0,1750.0,800.0,800.0,,,,,,,,,,,,,,,,,,,,,,,,,,
15950,,,,,,,,,,,,,,,,,,,,,,,,800.0,,,,,,,,,,,,,,,,,,,,,,,,,,,,,,,,,,,,800.0,800.0,800.0,800.0,800.0,1750.0,800.0,1800.0,800.0,1700.0,800.0,800.0,2700.0,,,,,,,,,,,,,
0,,,,,,,,,,,,,,,,,,,,,,,,,,,,,,,,,,,,,,,,,,,,,,,,,,,,,,,,,,,,,,,,,,,,,,,,,,,,,,,,,,,,,
0,,,,,,,,,,,,,,,,,,,,,,,,,,,,,,,,,,,,,,,,,,,,,,,,,,,,,,,,,,,,,,,,,,,,,,,,,,,,,,,,,,,,,
0,,,,,,,,,,,,,,,,,,,,,,,,,,,,,,,,,,,,,,,,,,,,,,,,,,,,,,,,,,,,,,,,,,,,,,,,,,,,,,,,,,,,,
21700,,,,,,,,,,,,,,,800.0,800.0,2900.0,800.0,800.0,800.0,,,800.0,800.0,1800.0,,,2700.0,800.0,800.0,,,,,,,,,,,,,,,,,,,,,,,,,,,,,,,,,,,,,,,,,,,800.0,1700.0,800.0,1800.0,2000.0,,,,,,,,
0,,,,,,,,,,,,,,,,,,,,,,,,,,,,,,,,,,,,,,,,,,,,,,,,,,,,,,,,,,,,,,,,,,,,,,,,,,,,,,,,,,,,,
0,,,,,,,,,,,,,,,,,,,,,,,,,,,,,,,,,,,,,,,,,,,,,,,,,,,,,,,,,,,,,,,,,,,,,,,,,,,,,,,,,,,,,
19700,,,,,,,,,,,,,,,800.0,800.0,,800.0,800.0,800.0,800.0,,,,1800.0,,,,,,,,,,,,,,,,,,,,,,,,,,,,,,,,,,,,,,,,,,,,,,,2700.0,,,,,,2000.0,1700.0,800.0,800.0,800.0,800.0,1800.0,1700.0
